<?xml version="1.0" encoding="UTF-8"?>
<project-private xmlns="http://www.netbeans.org/ns/project-private/1">
    <editor-bookmarks xmlns="http://www.netbeans.org/ns/editor-bookmarks/2" lastBookmarkId="0"/>
    <open-files xmlns="http://www.netbeans.org/ns/projectui-open-files/2">
        <group>
            <file>file:/C:/Users/thiag/Documents/GitHub/desenvolvimento-software/EscolaDB/src/dao/DisciplinaDao.java</file>
            <file>file:/C:/Users/thiag/Documents/GitHub/desenvolvimento-software/EscolaDB/src/dao/AlunoDao.java</file>
            <file>file:/C:/Users/thiag/Documents/GitHub/desenvolvimento-software/EscolaDB/src/interfaceEscola/RelatorioDisciplinas.java</file>
            <file>file:/C:/Users/thiag/Documents/GitHub/desenvolvimento-software/EscolaDB/src/interfaceEscola/RelatorioAlunos.java</file>
            <file>file:/C:/Users/thiag/Documents/GitHub/desenvolvimento-software/EscolaDB/src/interfaceEscola/CadastroDisciplinas.java</file>
        </group>
    </open-files>
</project-private>
